#tactical-fusion-cyber/1	hashlists	2026-09-24T20:38:16Z	MISP warninglists 0f1fe7987bdb, fetched 2026-09-24
01ba4719c80b6fe911b091a7c05124b64eeece964e09c058ef8f9805daca546b	[{"source":"MISP warninglist","category":"context","threat":"Hashes with common false-positives (based on Florian Roth input list)","url":"https://github.com/MISP/misp-warninglists/tree/main/lists/common-ioc-false-positive"}]
048846ed8ed185a26394adeb3f63274d1029bbd59cffa8e73a4ef8b19456de1d	[{"source":"MISP warninglist","category":"context","threat":"Hashes with common false-positives (based on Florian Roth input list)","url":"https://github.com/MISP/misp-warninglists/tree/main/lists/common-ioc-false-positive"}]
06f7826c2862d184a49e3672c0aa6097b11e7771a4bf613ec37941236c1a8e20	[{"source":"MISP warninglist","category":"context","threat":"Hashes with common false-positives (based on Florian Roth input list)","url":"https://github.com/MISP/misp-warninglists/tree/main/lists/common-ioc-false-positive"}]
07c4c7ae2c4c7cb3ccd2ba9cd70a94382395ca8e2b0312c1631d09d790b6db33	[{"source":"MISP warninglist","category":"context","threat":"Hashes with common false-positives (based on Florian Roth input list)","url":"https://github.com/MISP/misp-warninglists/tree/main/lists/common-ioc-false-positive"}]
0f343b0931126a20f133d67c2b018a3b	[{"source":"MISP warninglist","category":"context","threat":"Hashes with common false-positives (based on Florian Roth input list)","url":"https://github.com/MISP/misp-warninglists/tree/main/lists/common-ioc-false-positive"}]
10400c6faf166902b52fb97042f1e0eb	[{"source":"MISP warninglist","category":"context","threat":"Hashes with common false-positives (based on Florian Roth input list)","url":"https://github.com/MISP/misp-warninglists/tree/main/lists/common-ioc-false-positive"}]
125da188e26bd119ce8cad7eeb1fc2dfa147ad47	[{"source":"MISP warninglist","category":"context","threat":"Hashes with common false-positives (based on Florian Roth input list)","url":"https://github.com/MISP/misp-warninglists/tree/main/lists/common-ioc-false-positive"}]
16e8e953c65d610c3bfc595240f3f5b7	[{"source":"MISP warninglist","category":"context","threat":"Hashes with common false-positives (based on Florian Roth input list)","url":"https://github.com/MISP/misp-warninglists/tree/main/lists/common-ioc-false-positive"}]
183d0929423da2aa83441ee625de92b213f33948	[{"source":"MISP warninglist","category":"context","threat":"Hashes with common false-positives (based on Florian Roth input list)","url":"https://github.com/MISP/misp-warninglists/tree/main/lists/common-ioc-false-positive"}]
1ceaf73df40e531df3bfb26b4fb7cd95fb7bff1d	[{"source":"MISP warninglist","category":"context","threat":"Hashes with common false-positives (based on Florian Roth input list)","url":"https://github.com/MISP/misp-warninglists/tree/main/lists/common-ioc-false-positive"}]
200ceb26807d6bf99fd6f4f0d1ca54d4	[{"source":"MISP warninglist","category":"context","threat":"Hashes with common false-positives (based on Florian Roth input list)","url":"https://github.com/MISP/misp-warninglists/tree/main/lists/common-ioc-false-positive"}]
231a802e6ff1fae42f2b12561fff2767d473210b	[{"source":"MISP warninglist","category":"context","threat":"Hashes with common false-positives (based on Florian Roth input list)","url":"https://github.com/MISP/misp-warninglists/tree/main/lists/common-ioc-false-positive"}]
2546dcffc5ad854d4ddc64fbf056871cd5a00f2471cb7a5bfd4ac23b6e9eedad	[{"source":"MISP warninglist","category":"context","threat":"List of hashes for EICAR test virus","url":"https://github.com/MISP/misp-warninglists/tree/main/lists/eicar.com"}]
275a021bbfb6489e54d471899f7db9d1663fc695ec2fe2a2c4538aabf651fd0f	[{"source":"MISP warninglist","category":"context","threat":"List of hashes for EICAR test virus","url":"https://github.com/MISP/misp-warninglists/tree/main/lists/eicar.com"}]
2daeaa8b5f19f0bc209d976c02bd6acb51b00b0a	[{"source":"MISP warninglist","category":"context","threat":"Hashes with common false-positives (based on Florian Roth input list)","url":"https://github.com/MISP/misp-warninglists/tree/main/lists/common-ioc-false-positive"}]
325472601571f31e1bf00674c368d335	[{"source":"MISP warninglist","category":"context","threat":"Hashes with common false-positives (based on Florian Roth input list)","url":"https://github.com/MISP/misp-warninglists/tree/main/lists/common-ioc-false-positive"}]
3395856ce81f2b7382dee72602f798b642f14140	[{"source":"MISP warninglist","category":"context","threat":"List of hashes for EICAR test virus","url":"https://github.com/MISP/misp-warninglists/tree/main/lists/eicar.com"}]
4194d1706ed1f408d5e02d672777019f4d5385c766a8c6ca8acba3167d36a7b9	[{"source":"MISP warninglist","category":"context","threat":"Hashes with common false-positives (based on Florian Roth input list)","url":"https://github.com/MISP/misp-warninglists/tree/main/lists/common-ioc-false-positive"}]
41f958d2d3e9ed4504b6a8863fd72b49	[{"source":"MISP warninglist","category":"context","threat":"Hashes with common false-positives (based on Florian Roth input list)","url":"https://github.com/MISP/misp-warninglists/tree/main/lists/common-ioc-false-positive"}]
44d88612fea8a8f36de82e1278abb02f	[{"source":"MISP warninglist","category":"context","threat":"List of hashes for EICAR test virus","url":"https://github.com/MISP/misp-warninglists/tree/main/lists/eicar.com"}]
4a15a6777284035dfd8df4ecf496b4f0557a9cc4ffaaf5887659031e843865e1	[{"source":"MISP warninglist","category":"context","threat":"Hashes with common false-positives (based on Florian Roth input list)","url":"https://github.com/MISP/misp-warninglists/tree/main/lists/common-ioc-false-positive"}]
4b298058e1d5fd3f2fa20ead21773912a5dc38da3c0da0bbc7de1adfb6011f1c	[{"source":"MISP warninglist","category":"context","threat":"Hashes with common false-positives (based on Florian Roth input list)","url":"https://github.com/MISP/misp-warninglists/tree/main/lists/common-ioc-false-positive"}]
4b6c7f3146f86136507497232d2f04a0	[{"source":"MISP warninglist","category":"context","threat":"Hashes with common false-positives (based on Florian Roth input list)","url":"https://github.com/MISP/misp-warninglists/tree/main/lists/common-ioc-false-positive"}]
4dde54cfc600dbd9a610645d197a632e064115ffaa3a1b595c3a23036e501678	[{"source":"MISP warninglist","category":"context","threat":"Hashes with common false-positives (based on Florian Roth input list)","url":"https://github.com/MISP/misp-warninglists/tree/main/lists/common-ioc-false-positive"}]
5ba93c9db0cff93f52b521d7420e43f6eda2784f	[{"source":"MISP warninglist","category":"context","threat":"Hashes with common false-positives (based on Florian Roth input list)","url":"https://github.com/MISP/misp-warninglists/tree/main/lists/common-ioc-false-positive"}]
5f70bf18a086007016e948b04aed3b82103a36bea41755b6cddfaf10ace3c6ef	[{"source":"MISP warninglist","category":"context","threat":"Hashes with common false-positives (based on Florian Roth input list)","url":"https://github.com/MISP/misp-warninglists/tree/main/lists/common-ioc-false-positive"}]
605db3fdbaff4ba13729371ad0c4fbab3889378e	[{"source":"MISP warninglist","category":"context","threat":"Hashes with common false-positives (based on Florian Roth input list)","url":"https://github.com/MISP/misp-warninglists/tree/main/lists/common-ioc-false-positive"}]
60cacbf3d72e1e7834203da608037b1bf83b40e8	[{"source":"MISP warninglist","category":"context","threat":"Hashes with common false-positives (based on Florian Roth input list)","url":"https://github.com/MISP/misp-warninglists/tree/main/lists/common-ioc-false-positive"}]
620f0b67a91f7f74151bc5be745b7110	[{"source":"MISP warninglist","category":"context","threat":"Hashes with common false-positives (based on Florian Roth input list)","url":"https://github.com/MISP/misp-warninglists/tree/main/lists/common-ioc-false-positive"}]
68b329da9893e34099c7d8ad5cb9c940	[{"source":"MISP warninglist","category":"context","threat":"Hashes with common false-positives (based on Florian Roth input list)","url":"https://github.com/MISP/misp-warninglists/tree/main/lists/common-ioc-false-positive"}]
6ce6f415d8475545be5ba114f208b0ff	[{"source":"MISP warninglist","category":"context","threat":"List of hashes for EICAR test virus","url":"https://github.com/MISP/misp-warninglists/tree/main/lists/eicar.com"}]
6e340b9cffb37a989ca544e6bb780a2c78901d3fb33738768511a30617afa01d	[{"source":"MISP warninglist","category":"context","threat":"Hashes with common false-positives (based on Florian Roth input list)","url":"https://github.com/MISP/misp-warninglists/tree/main/lists/common-ioc-false-positive"}]
72c2dbbb1fe642073002b30987fcd68921a6b140	[{"source":"MISP warninglist","category":"context","threat":"Hashes with common false-positives (based on Florian Roth input list)","url":"https://github.com/MISP/misp-warninglists/tree/main/lists/common-ioc-false-positive"}]
7eb70257593da06f682a3ddda54a9d260d4fc514f645237f5ca74b08f8da61a6	[{"source":"MISP warninglist","category":"context","threat":"Hashes with common false-positives (based on Florian Roth input list)","url":"https://github.com/MISP/misp-warninglists/tree/main/lists/common-ioc-false-positive"}]
8094af5ee310714caebccaeee7769ffb08048503ba478b879edfef5f1a24fefe	[{"source":"MISP warninglist","category":"context","threat":"Hashes with common false-positives (based on Florian Roth input list)","url":"https://github.com/MISP/misp-warninglists/tree/main/lists/common-ioc-false-positive"}]
81051bcc2cf1bedf378224b0a93e2877	[{"source":"MISP warninglist","category":"context","threat":"Hashes with common false-positives (based on Florian Roth input list)","url":"https://github.com/MISP/misp-warninglists/tree/main/lists/common-ioc-false-positive"}]
86f1895ae8c5e8b17d99ece768a70732	[{"source":"MISP warninglist","category":"context","threat":"Hashes with common false-positives (based on Florian Roth input list)","url":"https://github.com/MISP/misp-warninglists/tree/main/lists/common-ioc-false-positive"}]
8a798890fe93817163b10b5f7bd2ca4d25d84c52739a645a889c173eee7d9d3d	[{"source":"MISP warninglist","category":"context","threat":"Hashes with common false-positives (based on Florian Roth input list)","url":"https://github.com/MISP/misp-warninglists/tree/main/lists/common-ioc-false-positive"}]
93b885adfe0da089cdf634904fd59f71	[{"source":"MISP warninglist","category":"context","threat":"Hashes with common false-positives (based on Florian Roth input list)","url":"https://github.com/MISP/misp-warninglists/tree/main/lists/common-ioc-false-positive"}]
995c770caeb45f7f0c1bc3affc60f11d8c40e16027df2cf711f95824f3534b6f	[{"source":"MISP warninglist","category":"context","threat":"Hashes with common false-positives (based on Florian Roth input list)","url":"https://github.com/MISP/misp-warninglists/tree/main/lists/common-ioc-false-positive"}]
a11a2f0cfe6d0b4c50945989db6360cd	[{"source":"MISP warninglist","category":"context","threat":"Hashes with common false-positives (based on Florian Roth input list)","url":"https://github.com/MISP/misp-warninglists/tree/main/lists/common-ioc-false-positive"}]
a6105c0a611b41b08f1209506350279e	[{"source":"MISP warninglist","category":"context","threat":"Hashes with common false-positives (based on Florian Roth input list)","url":"https://github.com/MISP/misp-warninglists/tree/main/lists/common-ioc-false-positive"}]
ad7facb2586fc6e966c004d7d1d16b024f5805ff7cb47c7a85dabd8b48892ca7	[{"source":"MISP warninglist","category":"context","threat":"Hashes with common false-positives (based on Florian Roth input list)","url":"https://github.com/MISP/misp-warninglists/tree/main/lists/common-ioc-false-positive"}]
adc83b19e793491b1c6ea0fd8b46cd9f32e592fc	[{"source":"MISP warninglist","category":"context","threat":"Hashes with common false-positives (based on Florian Roth input list)","url":"https://github.com/MISP/misp-warninglists/tree/main/lists/common-ioc-false-positive"}]
b1442e85b03bdcaf66dc58c7abb98745dd2687d86350be9a298a1d9382ac849b	[{"source":"MISP warninglist","category":"context","threat":"Hashes with common false-positives (based on Florian Roth input list)","url":"https://github.com/MISP/misp-warninglists/tree/main/lists/common-ioc-false-positive"}]
b3aca92c793ee0e9b1a9b0a5f5fc044e05140df3	[{"source":"MISP warninglist","category":"context","threat":"Hashes with common false-positives (based on Florian Roth input list)","url":"https://github.com/MISP/misp-warninglists/tree/main/lists/common-ioc-false-positive"}]
b5bb9d8014a0f9b1d61e21e796d78dccdf1352f23cd32812f4850b878ae4944c	[{"source":"MISP warninglist","category":"context","threat":"Hashes with common false-positives (based on Florian Roth input list)","url":"https://github.com/MISP/misp-warninglists/tree/main/lists/common-ioc-false-positive"}]
b6f9aa44c5f0565b5deb761b1926e9b6	[{"source":"MISP warninglist","category":"context","threat":"Hashes with common false-positives (based on Florian Roth input list)","url":"https://github.com/MISP/misp-warninglists/tree/main/lists/common-ioc-false-positive"}]
ba8ab5a0280b953aa97435ff8946cbcbb2755a27	[{"source":"MISP warninglist","category":"context","threat":"Hashes with common false-positives (based on Florian Roth input list)","url":"https://github.com/MISP/misp-warninglists/tree/main/lists/common-ioc-false-positive"}]
bec1b52d350d721c7e22a6d4bb0a92909893a3ae	[{"source":"MISP warninglist","category":"context","threat":"List of hashes for EICAR test virus","url":"https://github.com/MISP/misp-warninglists/tree/main/lists/eicar.com"}]
c4232ddd4d37b9c0884bd44d8476578c54d7f98d58945728e425736a6a07e102	[{"source":"MISP warninglist","category":"context","threat":"Hashes with common false-positives (based on Florian Roth input list)","url":"https://github.com/MISP/misp-warninglists/tree/main/lists/common-ioc-false-positive"}]
c5e389341a0b19b6f045823abffc9814	[{"source":"MISP warninglist","category":"context","threat":"Hashes with common false-positives (based on Florian Roth input list)","url":"https://github.com/MISP/misp-warninglists/tree/main/lists/common-ioc-false-positive"}]
c82cee5f957ad01068f487eecd430a1389e0d922	[{"source":"MISP warninglist","category":"context","threat":"Hashes with common false-positives (based on Florian Roth input list)","url":"https://github.com/MISP/misp-warninglists/tree/main/lists/common-ioc-false-positive"}]
c929701c67a05f90827563eedccf5eba8e65b2da970189a0371f28cd896708b8	[{"source":"MISP warninglist","category":"context","threat":"Hashes with common false-positives (based on Florian Roth input list)","url":"https://github.com/MISP/misp-warninglists/tree/main/lists/common-ioc-false-positive"}]
c99a74c555371a433d121f551d6c6398	[{"source":"MISP warninglist","category":"context","threat":"Hashes with common false-positives (based on Florian Roth input list)","url":"https://github.com/MISP/misp-warninglists/tree/main/lists/common-ioc-false-positive"}]
d27265074c9eac2e2122ed69294dbc4d7cce9141	[{"source":"MISP warninglist","category":"context","threat":"List of hashes for EICAR test virus","url":"https://github.com/MISP/misp-warninglists/tree/main/lists/eicar.com"}]
d378bffb70923139d6a4f546864aa61c	[{"source":"MISP warninglist","category":"context","threat":"Hashes with common false-positives (based on Florian Roth input list)","url":"https://github.com/MISP/misp-warninglists/tree/main/lists/common-ioc-false-positive"}]
d3b07384d113edec49eaa6238ad5ff00	[{"source":"MISP warninglist","category":"context","threat":"Hashes with common false-positives (based on Florian Roth input list)","url":"https://github.com/MISP/misp-warninglists/tree/main/lists/common-ioc-false-positive"}]
d41d8cd98f00b204e9800998ecf8427e	[{"source":"MISP warninglist","category":"context","threat":"Hashes with common false-positives (based on Florian Roth input list)","url":"https://github.com/MISP/misp-warninglists/tree/main/lists/common-ioc-false-positive"},{"source":"MISP warninglist","category":"context","threat":"Hashes for empty files","url":"https://github.com/MISP/misp-warninglists/tree/main/lists/empty-hashes"}]
d5502a1d00787d68f548ddeebbde1eca5e2b38ca	[{"source":"MISP warninglist","category":"context","threat":"Hashes with common false-positives (based on Florian Roth input list)","url":"https://github.com/MISP/misp-warninglists/tree/main/lists/common-ioc-false-positive"}]
d583c3aa489ed954df3be71e71deae3a9895857e	[{"source":"MISP warninglist","category":"context","threat":"Hashes with common false-positives (based on Florian Roth input list)","url":"https://github.com/MISP/misp-warninglists/tree/main/lists/common-ioc-false-positive"}]
d991c16949bd5e85e768385440e18d493ce3aa46	[{"source":"MISP warninglist","category":"context","threat":"Hashes with common false-positives (based on Florian Roth input list)","url":"https://github.com/MISP/misp-warninglists/tree/main/lists/common-ioc-false-positive"}]
da39a3ee5e6b4b0d3255bfef95601890afd80709	[{"source":"MISP warninglist","category":"context","threat":"Hashes with common false-positives (based on Florian Roth input list)","url":"https://github.com/MISP/misp-warninglists/tree/main/lists/common-ioc-false-positive"},{"source":"MISP warninglist","category":"context","threat":"Hashes for empty files","url":"https://github.com/MISP/misp-warninglists/tree/main/lists/empty-hashes"}]
deabe082bc0f0f503292e537b2675c7c93dca40f	[{"source":"MISP warninglist","category":"context","threat":"Hashes with common false-positives (based on Florian Roth input list)","url":"https://github.com/MISP/misp-warninglists/tree/main/lists/common-ioc-false-positive"}]
df4e26a04a444901b95afef44e4a96cfae34690fff2ad2c66389c70079cdff2b	[{"source":"MISP warninglist","category":"context","threat":"Hashes with common false-positives (based on Florian Roth input list)","url":"https://github.com/MISP/misp-warninglists/tree/main/lists/common-ioc-false-positive"}]
e1105070ba828007508566e28a2b8d4c65d192e9eaf3b7868382b7cae747b397	[{"source":"MISP warninglist","category":"context","threat":"List of hashes for EICAR test virus","url":"https://github.com/MISP/misp-warninglists/tree/main/lists/eicar.com"}]
e24133dd836d99182a6227dcf6613d08	[{"source":"MISP warninglist","category":"context","threat":"Hashes with common false-positives (based on Florian Roth input list)","url":"https://github.com/MISP/misp-warninglists/tree/main/lists/common-ioc-false-positive"}]
e2516fcd1573e70334c8f50bee5241cdfdf48a00	[{"source":"MISP warninglist","category":"context","threat":"Hashes with common false-positives (based on Florian Roth input list)","url":"https://github.com/MISP/misp-warninglists/tree/main/lists/common-ioc-false-positive"}]
e3b0c44298fc1c149afbf4c8996fb92427ae41e4649b934ca495991b7852b855	[{"source":"MISP warninglist","category":"context","threat":"Hashes with common false-positives (based on Florian Roth input list)","url":"https://github.com/MISP/misp-warninglists/tree/main/lists/common-ioc-false-positive"},{"source":"MISP warninglist","category":"context","threat":"Hashes for empty files","url":"https://github.com/MISP/misp-warninglists/tree/main/lists/empty-hashes"}]
e4968ef99266df7c9a1f0637d2389dab	[{"source":"MISP warninglist","category":"context","threat":"List of hashes for EICAR test virus","url":"https://github.com/MISP/misp-warninglists/tree/main/lists/eicar.com"}]
e5a00aa9991ac8a5ee3109844d84a55583bd20572ad3ffcd42792f3c36b183ad	[{"source":"MISP warninglist","category":"context","threat":"Hashes with common false-positives (based on Florian Roth input list)","url":"https://github.com/MISP/misp-warninglists/tree/main/lists/common-ioc-false-positive"}]
e617348b8947f28e2a280dd93c75a6ad	[{"source":"MISP warninglist","category":"context","threat":"Hashes with common false-positives (based on Florian Roth input list)","url":"https://github.com/MISP/misp-warninglists/tree/main/lists/common-ioc-false-positive"}]
f00aa51c2ed8b2f656318fdc01ee1cf5441011a4	[{"source":"MISP warninglist","category":"context","threat":"Hashes with common false-positives (based on Florian Roth input list)","url":"https://github.com/MISP/misp-warninglists/tree/main/lists/common-ioc-false-positive"}]
f1d2d2f924e986ac86fdf7b36c94bcdf32beec15	[{"source":"MISP warninglist","category":"context","threat":"Hashes with common false-positives (based on Florian Roth input list)","url":"https://github.com/MISP/misp-warninglists/tree/main/lists/common-ioc-false-positive"}]
f6d380b256b0e66ef347adc78195fd0f228b3e33	[{"source":"MISP warninglist","category":"context","threat":"Hashes with common false-positives (based on Florian Roth input list)","url":"https://github.com/MISP/misp-warninglists/tree/main/lists/common-ioc-false-positive"}]
fa8715078d45101200a6e2bf7321aa04	[{"source":"MISP warninglist","category":"context","threat":"Hashes with common false-positives (based on Florian Roth input list)","url":"https://github.com/MISP/misp-warninglists/tree/main/lists/common-ioc-false-positive"}]
fb360f9c09ac8c5edb2f18be5de4e80ea4c430d0	[{"source":"MISP warninglist","category":"context","threat":"Hashes with common false-positives (based on Florian Roth input list)","url":"https://github.com/MISP/misp-warninglists/tree/main/lists/common-ioc-false-positive"}]
fc4623b113a1f603c0d9ad5f83130bd6de1c62b973be9892305132389c8588de	[{"source":"MISP warninglist","category":"context","threat":"Hashes with common false-positives (based on Florian Roth input list)","url":"https://github.com/MISP/misp-warninglists/tree/main/lists/common-ioc-false-positive"}]
